{
    "affinity_pred_value": 0.9825149774551392,
    "affinity_probability_binary": 0.3533119857311249,
    "affinity_pred_value1": 1.2532426118850708,
    "affinity_probability_binary1": 0.3150678277015686,
    "affinity_pred_value2": 0.7117873430252075,
    "affinity_probability_binary2": 0.39155614376068115
}