{
    "confidence_score": 0.9608451724052429,
    "ptm": 0.9803398847579956,
    "iptm": 0.9777786135673523,
    "ligand_iptm": 0.9777786135673523,
    "protein_iptm": 0.0,
    "complex_plddt": 0.9566118121147156,
    "complex_iplddt": 0.9378511309623718,
    "complex_pde": 0.32047897577285767,
    "complex_ipde": 0.4321034550666809,
    "chains_ptm": {
        "0": 0.9810610413551331,
        "1": 0.9052073359489441
    },
    "pair_chains_iptm": {
        "0": {
            "0": 0.9810610413551331,
            "1": 0.6501568555831909
        },
        "1": {
            "0": 0.9777786135673523,
            "1": 0.9052073359489441
        }
    }
}